Error_Bin,Theoretical_PDF,Experimental_Frequency,Relative_Error_Percent
"[0,0.01)",0.38,0.35,-7.89473684210527
"[0.01,0.02)",0.45,0.47,4.44444444444444
"[0.02,0.03)",0.15,0.16,6.66666666666667
"≥0.03",0.02,0.02,0
